"B","F","P","E","Tiers"
"批次235","対魔忍深渊侵蚀-东京陷落.md","6946","1217","六"
"批次235","対魔忍深渊侵蚀-反抗军.md","6611","1639","六"
"批次235","対魔忍深渊侵蚀-学园沦陷.md","7270","933","六"
"批次235","対魔忍深渊侵蚀-布拉克融合.md","7261","1060","六"
"批次235","対魔忍深渊侵蚀-最终仪式.md","6641","1158","六"
"批次236","対魔忍RPG-最终决战.md","6261","1554","五"
"批次236","黑兽帝国终焉-帝国建立.md","5966","1586","六"
"批次236","黑兽帝国终焉-神格降临.md","5999","1567","六"
"批次237","黑兽帝国终焉-公主军团.md","3268","1531","六"
"批次237","黑兽帝国终焉-女神苏醒.md","2729","1556","六"
"批次237","黑兽帝国终焉-阿丽西亚觉醒.md","5283","1529","六"
"批次239","魔界骑士深渊大门-大门开启.md","2230","1592","六"
"批次239","魔界骑士深渊大门-英格丽德深渊化.md","1865","1553","六"
"批次239","黑兽魔王觉醒-大陆统一.md","5259","1566","五"
"批次239","黑兽魔王觉醒-女神堕落.md","2428","1572","五"
"批次239","黑兽魔王觉醒-沃尔特进化.md","1800","1563","五"
"批次240","剑星-天使会堂.md","8259","1491","五"
"批次240","闪乱神乐-阴阳师决战.md","9061","1607","五"
"批次241","Muv-Luv-Alternative计划.md","9809","2031","五"
"批次242","民俗-封神遗冢.md","5362","1665","五"
"批次242","民俗-酆都鬼城.md","3481","1694","五"
"批次242","淫妖虫母巢觉醒-女皇诞生.md","4408","1666","六"
"批次242","淫妖虫母巢觉醒-铃音融合.md","2903","1658","六"
"批次242","魔界骑士深渊大门-牺牲之门.md","3282","1670","六"
"批次244","姫骑士诸神黄昏-神明堕落.md","3479","1308","六"
"批次244","淫妖虫母巢觉醒-共生体.md","5012","1322","六"
"批次244","淫妖虫母巢觉醒-基因进化.md","3742","1316","六"
"批次244","淫妖虫母巢觉醒-最终选择.md","3352","1273","六"
"批次244","淫妖虫母巢觉醒-母巢核心.md","3366","1276","六"
"批次245","姫骑士诸神黄昏-信仰崩塌.md","6803","1616","六"
"批次245","姫骑士诸神黄昏-姐妹分离.md","6456","1613","六"
"批次245","姫骑士诸神黄昏-神器觉醒.md","6247","1609","六"
"批次245","姫骑士诸神黄昏-神殿仪式.md","6308","1628","六"
"批次245","姫骑士诸神黄昏-莉莉亚神化.md","6206","1628","六"
"批次246","假面骑士真.md","4810","1558","一、二"
"批次246","姫骑士诸神黄昏-弑神之战.md","6147","1606","六"
"批次246","姫骑士诸神黄昏-新神诞生.md","6078","1594","六"
"批次246","钢铁魔女虚空战争-安妮罗泽虚空化.md","4940","1555","六"
"批次246","钢铁魔女虚空战争-维度裂隙.md","5011","1552","六"
"批次247","钢铁魔女虚空战争-协会沦陷.md","7082","1334","六"
"批次247","钢铁魔女虚空战争-最后的魔女.md","6761","1303","六"
"批次247","钢铁魔女虚空战争-维度崩塌.md","6917","1318","六"
"批次247","钢铁魔女虚空战争-虚空之心.md","6764","1342","六"
"批次247","钢铁魔女虚空战争-魔女狩猎.md","7304","1384","六"
"批次248","Ben 10：全面进化（Time War）.md","6528","1301","六"
"批次248","史上最强弟子兼一：暗之最终战.md","3830","1000","六"
"批次248","极道帝兵（遮天概念向）.md","2926","1113","一、二"
"批次248","钢铁魔女虚空战争-新世界.md","6633","1307","六"
"批次248","龙符（梦入神机）.md","3073","1197","一、二"
"批次249","GTA 3.md","6354","1513","一、二、三"
"批次249","GTA：罪恶都市.md","8945","1532","一、二、三"
"批次251","对魔忍雪风-同伴双堕.md","9012","2231","二、三"
"批次251","对魔忍雪风-新人堕落.md","9168","2200","二、三"
"批次251","对魔忍雪风-母女再会.md","8939","2302","二、三"
"批次251","巨乳女战士土下座催眠-全队土下座.md","8208","1557","二、三"
"批次251","巨乳女战士土下座催眠-神官堕落.md","8134","1574","二、三"
"批次252","姫骑士莉莉亚-主仆双堕.md","6835","1247","三"
"批次252","姫骑士莉莉亚-侍女沦陷.md","6568","1246","三"
"批次252","姫骑士莉莉亚-公主陷落.md","6646","1190","三"
"批次252","姫骑士莉莉亚-妹妹堕落.md","6926","1440","三"
"批次252","对魔忍雪风2-彻底陷落.md","8940","1633","三"
"批次253","姫骑士莉莉亚-完全堕落.md","7935","1528","三"
"批次253","姫骑士莉莉亚-王族血统.md","8789","1522","三"
"批次253","淫妖虫-产卵.md","6871","1542","三"
"批次253","淫妖虫-蝕变.md","6717","1530","三"
"批次253","淫妖虫-退魔失败.md","7400","1570","三"
"批次254","淫妖虫-姐弟共堕.md","6873","1582","三"
"批次254","淫妖虫-完全寄生.md","6703","1520","三"
"批次254","魔界骑士英格丽德-公开凌辱.md","6787","1568","三"
"批次254","魔界骑士英格丽德-妹妹威胁.md","6848","1529","三"
"批次254","魔界骑士英格丽德-骑士陷落.md","6926","1554","三"
"批次257","催眠性指導-学园催眠.md","5499","1602","一"
"批次257","史上最强弟子兼一：D of D 大赛.md","7159","1589","三"
"批次257","巨乳公主催眠-双堕王城.md","5342","1583","二"
"批次257","巨乳公主催眠-王宫阴谋.md","5687","1584","二"
"批次257","巨乳公主催眠-骑士陷落.md","5476","1572","二"
"批次258","催眠性指導-性指导课.md","5248","1560","一"
"批次258","催眠性指導-校园支配.md","5316","1581","一"
"批次258","催眠性指導-母女沦陷.md","5367","1621","一"
"批次258","性爱成瘾-依存沉沦.md","5070","1575","一、二"
"批次258","性爱成瘾-堕落处女.md","5085","1555","一、二"
"批次259","催眠性指導2-新任女教.md","8706","1579","一"
"批次259","催眠性指導2-泳装陷落.md","8285","1557","一"
"批次259","性爱成瘾-眼镜淫乱.md","8416","1667","一、二"
"批次259","黑暗圣经新约-新篇开启.md","6871","1563","二"
"批次259","黑暗圣经新约-绚香堕落.md","6146","1567","二"
"批次260","催眠性指導3-姐妹堕落.md","8157","1570","一"
"批次260","催眠性指導3-家庭教师.md","8083","1571","一"
"批次260","催眠性指導4-人妻崩坏.md","8051","1562","一"
"批次260","催眠性指導4-终极宴会.md","8100","1583","一"
"批次260","黑暗圣经起源-往昔悲剧.md","6108","1556","二"
"批次265","剑星-地下遗迹.md","6794","1196","二"
"批次265","受胎岛-逃脱失败.md","8257","1569","二"
"批次265","奴隶区-完全服从.md","9837","1557","一"
"批次265","爱嬢学园-羞耻课程.md","6763","1556","一"
"批次265","爱嬢学园-贵族入学.md","7721","1555","一"
"批次266","命运石之门-D-Mail干涉.md","6342","1374","二"
"批次266","民俗-赶尸匠.md","6726","1565","二"
"批次266","爱嬢学园-毕业典礼.md","6524","1550","一"
"批次266","痴漢電車-早高峰.md","6680","1620","一"
"批次266","石世界-科学王国.md","6986","1505","二"
"批次267","民俗-冥婚夜.md","5597","1502","二"
"批次267","痴漢電車-人妻陷落.md","5491","1564","一"
"批次267","痴漢電車-女学生.md","5358","1579","一"
"批次267","痴漢電車-集团犯罪.md","5574","1577","一"
"批次267","黑暗圣经2.md","6276","1560","二"
"批次268","Ben 10：变异危机.md","5398","1574","二"
"批次268","凌辱学园-优等生.md","5018","1511","一"
"批次268","凌辱学园-新生入学.md","5008","1500","一"
"批次268","史上最强弟子兼一：黑暗且来.md","5406","1550","二"
"批次268","黑暗圣经3.md","5230","1551","二"
"批次269","Muv-Luv-横滨基地防线.md","9066","1514","一"
"批次269","凌辱学园-反抗无效.md","6950","1545","一"
"批次269","剑星-废土边缘.md","6492","1535","一"
"批次269","命运石之门-秋叶原潜入.md","6561","1528","一"
"批次269","闪乱神乐-飞蛇入学篇.md","6276","1534","一"
"批次272","Summer Pockets REFLECTION BLUE.md","4810","1888","休闲"
"批次272","Summer Pockets.md","3452","1686","休闲"
"批次272","星之梦 (Planetarian).md","3942","1923","休闲"
"批次273","ATRI -My Dear Moments-.md","3489","1802","休闲"
"批次273","One ~辉之季节~.md","3125","1748","休闲"
"批次273","交响乐之雨.md","2677","1761","休闲"
"批次273","水仙 (Narcissu).md","2814","1778","休闲"
"批次273","水月 (Suigetsu).md","2749","1787","休闲"
"批次274","月姬 (Tsukihime Original).md","5046","2466","休闲"
"批次278","寒蝉鸣泣之时－ 皆杀篇.md","3647","480","休闲"
"批次278","寒蝉鸣泣之时－ 祭林篇.md","3763","505","休闲"
"批次278","寒蝉鸣泣之时－ 罪灭篇.md","4537","534","休闲"
"批次278","海猫鸣泣之时 (Ep1-4).md","3798","497","休闲"
"批次278","海猫鸣泣之时散 (Ep5-8).md","3522","479","休闲"
"批次279","Cross†Channel.md","3376","465","休闲"
"批次279","樱之诗 (Sakura no Uta).md","3318","446","休闲"
"批次279","沙耶之歌.md","3330","449","休闲"
"批次279","美好的每一天 (Subahibi).md","3544","449","休闲"
"批次279","装甲恶鬼村正.md","3651","484","休闲"
"批次281","君与她与她的恋爱 (Totono).md","5883","2038","休闲"
"批次284","传颂之物－ 给逝者的摇篮曲.md","6264","604","休闲"
"批次284","传颂之物－ 虚伪的假面.md","6202","589","休闲"
"批次284","灰色的乐园.md","6260","742","休闲"
"批次284","白色相簿2－ Closing Chapter (终章－Coda).md","6277","778","休闲"
"批次284","白色相簿2－ Introductory Chapter (序章).md","6277","904","休闲"
"批次285","Muv-Luv (Extra & Unlimited).md","6260","588","休闲"
"批次285","Muv-Luv Alternative.md","6218","555","休闲"
"批次285","To Heart 2.md","6202","624","休闲"
"批次285","传颂之物－ 二人的白皇.md","6222","545","休闲"
"批次285","痕 (Kizuato).md","6267","565","休闲"
"批次286","初音岛II (D.C. II).md","3740","1727","休闲"
"批次286","初音岛III (D.C. III).md","3972","1828","休闲"
"批次286","千恋＊万花.md","3930","1852","休闲"
"批次286","魔女的夜宴 (Sanoba Witch).md","4123","1924","休闲"
"批次287","DRACU-RIOT!.md","3768","1711","休闲"
"批次287","Parquet.md","3582","1640","休闲"
"批次287","RIDDLE JOKER.md","3780","1699","休闲"
"批次287","名流得主 (Noble Works).md","3631","1733","休闲"
"批次287","天使嚣嚣 (Tenshi Souzou Re-Boot!).md","3537","1685","休闲"
"批次288","Fortune Arterial.md","3814","1611","休闲"
"批次288","兰斯01－ 寻找小光 (重制版).md","3304","1611","休闲"
"批次288","夜明前的琉璃色.md","3764","1604","休闲"
"批次288","大图书馆的牧羊人.md","5037","1753","休闲"
"批次288","秽翼的尤斯蒂娅.md","3877","1619","休闲"
"批次289","兰斯02－ 反叛的少女们 (重制版).md","2859","1623","休闲"
"批次289","兰斯03－ 利萨斯陷落 (重制版).md","2887","1607","休闲"
"批次289","兰斯5D－ 孤独的少女.md","2635","1608","休闲"
"批次289","兰斯IV － 4.1 － 4.2.md","2774","1603","休闲"
"批次289","兰斯VI－ 赛斯崩坏.md","2711","1618","休闲"
"批次290","兰斯10－ 决战.md","1650","1619","休闲"
"批次290","兰斯7－ 战国兰斯.md","3334","1619","休闲"
"批次290","兰斯8－ Rance Quest.md","2317","1639","休闲"
"批次290","兰斯9－ 赫尔曼革命.md","1951","1600","休闲"
"批次290","缘之空 (Yosuga no Sora).md","2025","1618","休闲"
"批次291","妹之形.md","1446","1650","休闲"
"批次291","妹的圣域.md","2810","1600","休闲"
"批次291","学校圣域.md","2234","1662","休闲"
"批次291","悠之空 (Haruka na Sora).md","1431","1668","休闲"
"批次291","茜色圣域.md","2212","1604","休闲"
"批次292","美少女万华镜1－ 被诅咒的传说少女.md","5821","1589","休闲"
"批次292","美少女万华镜2.5－ 献给曾是少女的你.md","5697","1589","休闲"
"批次292","美少女万华镜2－ 勿忘草与永远的少女.md","5714","1557","休闲"
"批次292","美少女万华镜3－ 神明创造的少女们.md","5697","1582","休闲"
"批次292","美少女万华镜4－ 罪与罚的少女.md","5520","1598","休闲"
"批次293","妹天堂! 1.md","5100","1554","休闲"
"批次293","妹天堂! 2.md","4944","1569","休闲"
"批次293","妹天堂! 3.md","4880","1555","休闲"
"批次293","姐姐，要好好做哦！ 1.md","5251","1565","休闲"
"批次293","美少女万华镜5－ 理与迷宫的少女.md","5594","1564","休闲"
"批次298","高加索之南 (Caucasus).md","2713","1668","休闲"
"批次299","9-nine- 天色天歌天籁音.md","5263","1365","休闲"
"批次299","9-nine- 春色春恋春熙风.md","5262","1280","休闲"
"批次299","MakingLovers.md","4701","1606","休闲"
