"B","Name","Pad","Https","Leisure","Path","Size"
"223","黑兽-佣兵堕落.md","27","3","False","C:\Users\Administrator\Desktop\前端卡\files\世界详情工坊\产出\批次223\黑兽-佣兵堕落.md","32043"
"223","黑兽-侍从双堕.md","19","3","False","C:\Users\Administrator\Desktop\前端卡\files\世界详情工坊\产出\批次223\黑兽-侍从双堕.md","32569"
"223","黑兽-黑暗女王屈服.md","8","3","False","C:\Users\Administrator\Desktop\前端卡\files\世界详情工坊\产出\批次223\黑兽-黑暗女王屈服.md","32632"
"265","剑星-地下遗迹.md","20","3","False","C:\Users\Administrator\Desktop\前端卡\files\世界详情工坊\产出\批次265\剑星-地下遗迹.md","33204"
"265","受胎岛-逃脱失败.md","15","2","False","C:\Users\Administrator\Desktop\前端卡\files\世界详情工坊\产出\批次265\受胎岛-逃脱失败.md","33136"
"265","奴隶区-完全服从.md","2","3","False","C:\Users\Administrator\Desktop\前端卡\files\世界详情工坊\产出\批次265\奴隶区-完全服从.md","33103"
"265","爱嬢学园-羞耻课程.md","20","3","False","C:\Users\Administrator\Desktop\前端卡\files\世界详情工坊\产出\批次265\爱嬢学园-羞耻课程.md","33244"
"265","爱嬢学园-贵族入学.md","20","3","False","C:\Users\Administrator\Desktop\前端卡\files\世界详情工坊\产出\批次265\爱嬢学园-贵族入学.md","33349"
"266","命运石之门-D-Mail干涉.md","19","3","False","C:\Users\Administrator\Desktop\前端卡\files\世界详情工坊\产出\批次266\命运石之门-D-Mail干涉.md","31114"
"266","民俗-赶尸匠.md","20","3","False","C:\Users\Administrator\Desktop\前端卡\files\世界详情工坊\产出\批次266\民俗-赶尸匠.md","33390"
"266","爱嬢学园-毕业典礼.md","20","3","False","C:\Users\Administrator\Desktop\前端卡\files\世界详情工坊\产出\批次266\爱嬢学园-毕业典礼.md","33010"
"266","痴漢電車-早高峰.md","20","3","False","C:\Users\Administrator\Desktop\前端卡\files\世界详情工坊\产出\批次266\痴漢電車-早高峰.md","33368"
"266","石世界-科学王国.md","20","3","False","C:\Users\Administrator\Desktop\前端卡\files\世界详情工坊\产出\批次266\石世界-科学王国.md","32720"
"286","SHUFFLE!.md","1","4","True","C:\Users\Administrator\Desktop\前端卡\files\世界详情工坊\产出\批次286\SHUFFLE!.md","25649"
"286","初音岛II (D.C. II).md","1","4","True","C:\Users\Administrator\Desktop\前端卡\files\世界详情工坊\产出\批次286\初音岛II (D.C. II).md","24669"
"286","初音岛III (D.C. III).md","1","4","True","C:\Users\Administrator\Desktop\前端卡\files\世界详情工坊\产出\批次286\初音岛III (D.C. III).md","25735"
"286","千恋＊万花.md","1","4","True","C:\Users\Administrator\Desktop\前端卡\files\世界详情工坊\产出\批次286\千恋＊万花.md","26319"
"286","魔女的夜宴 (Sanoba Witch).md","1","4","True","C:\Users\Administrator\Desktop\前端卡\files\世界详情工坊\产出\批次286\魔女的夜宴 (Sanoba Witch).md","27025"
"287","DRACU-RIOT!.md","1","4","True","C:\Users\Administrator\Desktop\前端卡\files\世界详情工坊\产出\批次287\DRACU-RIOT!.md","24257"
"287","Parquet.md","1","4","True","C:\Users\Administrator\Desktop\前端卡\files\世界详情工坊\产出\批次287\Parquet.md","23458"
"287","RIDDLE JOKER.md","1","4","True","C:\Users\Administrator\Desktop\前端卡\files\世界详情工坊\产出\批次287\RIDDLE JOKER.md","24348"
"287","名流得主 (Noble Works).md","1","4","True","C:\Users\Administrator\Desktop\前端卡\files\世界详情工坊\产出\批次287\名流得主 (Noble Works).md","24848"
"287","天使嚣嚣 (Tenshi Souzou Re-Boot!).md","1","4","True","C:\Users\Administrator\Desktop\前端卡\files\世界详情工坊\产出\批次287\天使嚣嚣 (Tenshi Souzou Re-Boot!).md","24172"
"299","9-nine- 九次九日九重色.md","1","5","True","C:\Users\Administrator\Desktop\前端卡\files\世界详情工坊\产出\批次299\9-nine- 九次九日九重色.md","24482"
"299","9-nine- 天色天歌天籁音.md","4","5","True","C:\Users\Administrator\Desktop\前端卡\files\世界详情工坊\产出\批次299\9-nine- 天色天歌天籁音.md","22656"
"299","9-nine- 春色春恋春熙风.md","3","5","True","C:\Users\Administrator\Desktop\前端卡\files\世界详情工坊\产出\批次299\9-nine- 春色春恋春熙风.md","21610"
