"B","Name","Https","Path","Leisure"
"212","假面骑士ZO.md","2","C:\Users\Administrator\Desktop\前端卡\files\世界详情工坊\产出\批次212\假面骑士ZO.md","False"
"253","淫妖虫-蝕变.md","2","C:\Users\Administrator\Desktop\前端卡\files\世界详情工坊\产出\批次253\淫妖虫-蝕变.md","False"
"253","淫妖虫-退魔失败.md","2","C:\Users\Administrator\Desktop\前端卡\files\世界详情工坊\产出\批次253\淫妖虫-退魔失败.md","False"
"264","受胎岛-原住民.md","2","C:\Users\Administrator\Desktop\前端卡\files\世界详情工坊\产出\批次264\受胎岛-原住民.md","False"
"264","受胎岛-漂流.md","2","C:\Users\Administrator\Desktop\前端卡\files\世界详情工坊\产出\批次264\受胎岛-漂流.md","False"
"264","受胎岛-繁殖.md","2","C:\Users\Administrator\Desktop\前端卡\files\世界详情工坊\产出\批次264\受胎岛-繁殖.md","False"
"265","受胎岛-逃脱失败.md","2","C:\Users\Administrator\Desktop\前端卡\files\世界详情工坊\产出\批次265\受胎岛-逃脱失败.md","False"
"282","监禁.md","2","C:\Users\Administrator\Desktop\前端卡\files\世界详情工坊\产出\批次282\监禁.md","True"
"283","灰色的迷宫.md","2","C:\Users\Administrator\Desktop\前端卡\files\世界详情工坊\产出\批次283\灰色的迷宫.md","True"
"284","灰色的乐园.md","2","C:\Users\Administrator\Desktop\前端卡\files\世界详情工坊\产出\批次284\灰色的乐园.md","True"
"285","Muv-Luv (Extra & Unlimited).md","2","C:\Users\Administrator\Desktop\前端卡\files\世界详情工坊\产出\批次285\Muv-Luv (Extra & Unlimited).md","True"
"290","缘之空 (Yosuga no Sora).md","2","C:\Users\Administrator\Desktop\前端卡\files\世界详情工坊\产出\批次290\缘之空 (Yosuga no Sora).md","True"
"291","悠之空 (Haruka na Sora).md","2","C:\Users\Administrator\Desktop\前端卡\files\世界详情工坊\产出\批次291\悠之空 (Haruka na Sora).md","True"
"292","美少女万华镜2.5－ 献给曾是少女的你.md","1","C:\Users\Administrator\Desktop\前端卡\files\世界详情工坊\产出\批次292\美少女万华镜2.5－ 献给曾是少女的你.md","True"
"295","姐名 (Aneiro).md","2","C:\Users\Administrator\Desktop\前端卡\files\世界详情工坊\产出\批次295\姐名 (Aneiro).md","True"
"299","MakingLovers.md","2","C:\Users\Administrator\Desktop\前端卡\files\世界详情工坊\产出\批次299\MakingLovers.md","True"
"300","HaremKingdom.md","2","C:\Users\Administrator\Desktop\前端卡\files\世界详情工坊\产出\批次300\HaremKingdom.md","True"
