"B","Name","Flags","Size"
"201","怪物猎人4G－Ultimate.md","placeholder","39126"
"201","神界：原罪.md","placeholder","34218"
"202","怪物猎人崛起：曙光.md","placeholder","38013"
"202","怪物猎人：世界.md","placeholder","36905"
"203","假面骑士Decade.md","placeholder","36636"
"203","讨鬼传 极.md","placeholder","37521"
"204","对魔忍：阿莎姬.md","placeholder","40669"
"205","兽魂战队（百兽战队牙吠连者）.md","placeholder","37585"
"205","对魔忍RPGX.md","placeholder","40116"
"205","对魔忍：红.md","placeholder","41400"
"205","新妹魔王契约者.md","placeholder","38050"
"206","机神咆吼 Demonbane.md","placeholder","37980"
"206","黑夜君临3：狼族崛起.md","placeholder","33826"
"206","黑夜君临4：觉醒.md","placeholder","32771"
"206","黑夜君临（Underworld）.md","placeholder","31905"
"208","假面骑士V3.md","dup5","33275"
"208","假面骑士（1971）.md","placeholder","33884"
"208","午夜凶铃（日版）.md","dup12","34315"
"208","新三国.md","placeholder","35957"
"209","假面骑士Stronger.md","placeholder","34513"
"209","假面骑士X.md","placeholder","35623"
"210","假面骑士Skyrider.md","dup2","33917"
"210","假面骑士Super-1.md","dup39","32765"
"210","咒怨（剧场版）.md","dup3","35591"
"210","天子传说（天子传奇）.md","dup2","34125"
"210","神兵玄奇.md","dup37","34151"
"211","假面骑士 真.md","dup14","42968"
"211","假面骑士BLACK.md","dup2","55394"
"211","冒险岛－MapleStory－.md","dup14","49080"
"212","假面骑士J.md","placeholder,dup12","35286"
"212","游戏王5D's.md","dup11","35264"
"212","游戏王ZEXAL.md","placeholder,dup9","35736"
"214","假面骑士555.md","placeholder","33857"
"214","假面骑士龙骑.md","placeholder","34045"
"214","妮姬（NIKKE）.md","placeholder","35674"
"215","假面骑士Kabuto.md","placeholder,dup3","38770"
"215","假面骑士响鬼.md","placeholder,dup3","38909"
"215","假面骑士电王.md","placeholder,dup3","38124"
"215","失落的方舟－Lost Ark－.md","placeholder,dup3","41265"
"215","王者荣耀（背景故事）.md","placeholder,dup3","38358"
"216","假面骑士Kiva.md","dup3","32285"
"216","少女前线.md","placeholder","33493"
"216","尘白禁区.md","dup4","34284"
"216","绝区零（ZZZ）.md","placeholder","35074"
"217","假面骑士Fourze.md","placeholder,dup4","32561"
"217","假面骑士Wizard.md","dup4","32656"
"217","假面骑士铠武.md","dup4","34654"
"217","回复术士的重启人生.md","dup4","36008"
"218","假面骑士Drive.md","placeholder","32546"
"219","假面骑士Zero-One.md","placeholder","31578"
"220","刀剑乱舞.md","placeholder","38972"
"220","棕色尘埃（Brown Dust）.md","placeholder","36217"
"221","假面骑士Gotchard.md","placeholder","35011"
"221","装甲骑女伊莉丝-双堕深渊.md","dup8","36499"
"221","装甲骑女伊莉丝-妹妹援救.md","dup9","37013"
"221","装甲骑女伊莉丝-魔铠融合.md","dup9","35251"
"222","装甲骑女伊莉丝-堕落魔将.md","dup3","35394"
"222","装甲骑女伊莉丝-姐妹侍奉.md","dup67","33361"
"223","黑兽-佣兵堕落.md","padmark","32043"
"223","黑兽-侍从双堕.md","padmark","32569"
"223","黑兽-表妹堕落.md","dup3","33554"
"223","黑兽-黑暗女王屈服.md","padmark","32632"
"224","鬼泣.md","dup5","65126"
"225","黑兽2-世代轮回.md","dup6","33008"
"226","对魔忍紫-三代同堕.md","placeholder,dup2","34693"
"226","对魔忍阿莎姬-竞技场.md","placeholder,dup2","35723"
"226","对魔忍阿莎姬2-再次沦陷.md","placeholder,dup2","35255"
"226","对魔忍阿莎姬3-完全堕落.md","placeholder,dup2","35089"
"226","约会大作战V（如按动画续作口径）.md","placeholder,dup2","35332"
"227","虚构推理（动画）.md","dup2","32428"
"227","虚构推理（漫画）.md","dup2","34287"
"227","钢铁魔女安妮罗泽-堕落魔女.md","dup2","34410"
"227","钢铁魔女安妮罗泽-触手侵袭.md","dup2","35323"
"227","钢铁魔女安妮罗泽-魔女陷落.md","dup2","34821"
"228","Muv-Luv-原初巢穴突入.md","dup10","32523"
"228","丽可莉丝（Lycoris Recoil）.md","placeholder,dup6","33596"
"228","我有一座冒险屋（漫画－改编）.md","dup15","34007"
"228","闪乱神乐-妖魔复苏.md","dup7","34179"
"229","命运石之门-SERN追击.md","placeholder,dup56","32871"
"229","惊悚乐园（游戏化副本口径）.md","placeholder,dup8","34809"
"229","远星号（Starsector）.md","dup79","33742"
"230","Ben 10：终极异形（Ultimate Alien）.md","dup22","33607"
"230","午夜凶铃（小说环界版）.md","dup28","34365"
"230","史上最强弟子兼一：达人激突.md","dup30","34234"
"230","民俗-百鬼夜市.md","dup32","34949"
"230","民俗-黄泉接引.md","dup33","34336"
"231","神界：原罪（Divinity－ Original Sin）.md","placeholder,dup5","34208"
"231","轩辕剑.md","dup7","37875"
"231","轩辕剑叁：云和山的彼端.md","dup3","35322"
"231","轩辕剑外传：枫之舞.md","placeholder,dup5","34388"
"232","天国：拯救.md","placeholder","33272"
"233","轩辕剑外传：云之遥.md","dup2","37931"
"233","轩辕剑外传：汉之云.md","dup3","39477"
"233","轩辕剑外传：穹之扉.md","dup2","35673"
"233","轩辕剑柒.md","dup2","34495"
"233","轩辕剑陆：凤凌长空千载云.md","dup13","34790"
"234","対魔忍深渊侵蚀-三代祭品.md","dup8","33819"
"234","対魔忍深渊侵蚀-姐妹共堕.md","dup8","34020"
"234","対魔忍深渊侵蚀-裂隙开启.md","dup3","34033"
"234","対魔忍深渊侵蚀-阿莎姬深渊化.md","dup14","34372"
"234","対魔忍深渊侵蚀-雪风先驱.md","dup4","34018"
"235","対魔忍深渊侵蚀-东京陷落.md","dup4","34456"
"235","対魔忍深渊侵蚀-反抗军.md","dup4","35135"
"235","対魔忍深渊侵蚀-学园沦陷.md","dup9","34990"
"235","対魔忍深渊侵蚀-布拉克融合.md","placeholder,dup14","34348"
"235","対魔忍深渊侵蚀-最终仪式.md","dup3","34705"
"236","対魔忍RPG-五车学园.md","placeholder","36352"
"236","対魔忍RPG-最终决战.md","placeholder,dup30","35456"
"236","対魔忍RPG-深渊入侵.md","padmark","34808"
"236","黑兽帝国终焉-帝国建立.md","dup30","34436"
"236","黑兽帝国终焉-神格降临.md","dup30","34261"
"237","黑兽帝国终焉-公主军团.md","dup2","34687"
"237","黑兽帝国终焉-女神苏醒.md","dup2","35140"
"237","黑兽帝国终焉-阿丽西亚觉醒.md","dup2","34874"
"239","魔界骑士深渊大门-大门开启.md","placeholder,dup4","32191"
"239","魔界骑士深渊大门-英格丽德深渊化.md","placeholder","32582"
"239","黑兽魔王觉醒-大陆统一.md","placeholder,dup4","33109"
"239","黑兽魔王觉醒-女神堕落.md","placeholder,dup2","32974"
"239","黑兽魔王觉醒-沃尔特进化.md","placeholder,dup2","33113"
"240","剑星-天使会堂.md","placeholder,dup2","32263"
"240","闪乱神乐-阴阳师决战.md","dup4","33551"
"240","魔界骑士深渊大门-人界危机.md","placeholder","33723"
"240","魔界骑士深渊大门-妹妹陷落.md","dup3","34550"
"241","Muv-Luv-Alternative计划.md","placeholder","34335"
"241","命运石之门-Steins Gate.md","dup2","33049"
"242","民俗-封神遗冢.md","dup2","35440"
"242","民俗-酆都鬼城.md","dup2","35871"
"242","淫妖虫母巢觉醒-女皇诞生.md","dup18","34079"
"242","淫妖虫母巢觉醒-铃音融合.md","dup19","35172"
"242","魔界骑士深渊大门-牺牲之门.md","dup2","34895"
"243","假面骑士（总览）.md","placeholder","31553"
"243","淫妖虫母巢觉醒-城市感染.md","placeholder","33689"
"244","姫骑士诸神黄昏-神明堕落.md","placeholder","34687"
"244","淫妖虫母巢觉醒-共生体.md","placeholder","34231"
"244","淫妖虫母巢觉醒-基因进化.md","placeholder","34112"
"244","淫妖虫母巢觉醒-最终选择.md","placeholder","34221"
"244","淫妖虫母巢觉醒-母巢核心.md","placeholder","34118"
"245","姫骑士诸神黄昏-信仰崩塌.md","placeholder","34575"
"245","姫骑士诸神黄昏-姐妹分离.md","placeholder","34356"
"245","姫骑士诸神黄昏-神器觉醒.md","placeholder","34497"
"245","姫骑士诸神黄昏-神殿仪式.md","placeholder","34358"
"245","姫骑士诸神黄昏-莉莉亚神化.md","placeholder","34219"
"246","姫骑士诸神黄昏-弑神之战.md","placeholder","34223"
"246","姫骑士诸神黄昏-新神诞生.md","placeholder","34375"
"246","钢铁魔女虚空战争-安妮罗泽虚空化.md","placeholder","34653"
"246","钢铁魔女虚空战争-维度裂隙.md","placeholder","34740"
"247","钢铁魔女虚空战争-协会沦陷.md","placeholder,dup5","36392"
"247","钢铁魔女虚空战争-最后的魔女.md","placeholder,dup6","35643"
"247","钢铁魔女虚空战争-维度崩塌.md","placeholder,dup7","36249"
"247","钢铁魔女虚空战争-虚空之心.md","placeholder,dup4","36286"
"247","钢铁魔女虚空战争-魔女狩猎.md","placeholder,dup3","36126"
"248","Ben 10：全面进化（Time War）.md","placeholder,dup7","25878"
"248","史上最强弟子兼一：暗之最终战.md","placeholder,dup7","36435"
"248","极道帝兵（遮天概念向）.md","placeholder","36822"
"248","钢铁魔女虚空战争-新世界.md","placeholder,dup6","36529"
"248","龙符（梦入神机）.md","placeholder","35636"
"249","GTA 3.md","dup4","32790"
"250","巨乳女战士土下座催眠-勇者羞辱.md","placeholder","33549"
"250","巨乳女战士土下座催眠-魔法师沦陷.md","placeholder","33582"
"251","对魔忍雪风-同伴双堕.md","dup2","35867"
"251","对魔忍雪风-新人堕落.md","dup2","36293"
"251","对魔忍雪风-母女再会.md","dup2","35820"
"251","巨乳女战士土下座催眠-全队土下座.md","placeholder,dup2","35046"
"251","巨乳女战士土下座催眠-神官堕落.md","placeholder,dup2","34854"
"252","姫骑士莉莉亚-主仆双堕.md","dup3","34872"
"252","姫骑士莉莉亚-侍女沦陷.md","dup3","34843"
"252","姫骑士莉莉亚-公主陷落.md","dup3","34927"
"252","姫骑士莉莉亚-妹妹堕落.md","dup2","35000"
"252","对魔忍雪风2-彻底陷落.md","dup2","33955"
"253","姫骑士莉莉亚-完全堕落.md","dup5","33395"
"253","淫妖虫-产卵.md","dup5","33226"
"253","淫妖虫-蝕变.md","dup5","33138"
"253","淫妖虫-退魔失败.md","dup5","33472"
"254","淫妖虫-姐弟共堕.md","dup5","33388"
"254","淫妖虫-完全寄生.md","dup5","33079"
"254","魔界骑士英格丽德-公开凌辱.md","dup5","33398"
"254","魔界骑士英格丽德-妹妹威胁.md","dup5","33204"
"254","魔界骑士英格丽德-骑士陷落.md","dup5","33688"
"255","闪乱神乐-红莲队激突.md","placeholder","33027"
"255","魔界骑士英格丽德-姐妹相认.md","dup5","33721"
"255","魔界骑士英格丽德-完全堕落.md","dup5","34077"
"256","命运石之门-世界线收束.md","placeholder","32389"
"258","性爱成瘾-依存沉沦.md","placeholder","32195"
"258","性爱成瘾-堕落处女.md","placeholder","32152"
"259","催眠性指導2-新任女教.md","placeholder,dup7","33703"
"259","催眠性指導2-泳装陷落.md","placeholder,dup9","33657"
"259","性爱成瘾-眼镜淫乱.md","placeholder,dup8","33955"
"259","黑暗圣经新约-新篇开启.md","placeholder,dup2","33369"
"259","黑暗圣经新约-绚香堕落.md","placeholder,dup2","33580"
"260","催眠性指導3-姐妹堕落.md","placeholder,dup9","33283"
"260","催眠性指導3-家庭教师.md","placeholder,dup9","33792"
"260","催眠性指導4-人妻崩坏.md","placeholder,dup9","33641"
"260","催眠性指導4-终极宴会.md","placeholder,dup9","33836"
"260","黑暗圣经起源-往昔悲剧.md","placeholder,dup2","33380"
"262","夜勤病栋-医院深处.md","placeholder","33941"
"263","奴隶区-SCM对决.md","placeholder","32647"
"264","奴隶区-尊严剥夺.md","placeholder","33692"
"264","奴隶区-链式统治.md","placeholder","33754"
"265","剑星-地下遗迹.md","padmark","33204"
"265","受胎岛-逃脱失败.md","padmark","33136"
"265","奴隶区-完全服从.md","placeholder,padmark","33103"
"265","爱嬢学园-羞耻课程.md","padmark","33244"
"265","爱嬢学园-贵族入学.md","padmark","33349"
"266","命运石之门-D-Mail干涉.md","placeholder,padmark","31114"
"266","民俗-赶尸匠.md","padmark","33390"
"266","爱嬢学园-毕业典礼.md","padmark","33010"
"266","痴漢電車-早高峰.md","padmark","33368"
"266","石世界-科学王国.md","padmark","32720"
"267","民俗-冥婚夜.md","dup3","32962"
"267","痴漢電車-人妻陷落.md","dup3","33213"
"267","痴漢電車-女学生.md","dup3","32988"
"267","痴漢電車-集团犯罪.md","dup3","33175"
"267","黑暗圣经2.md","dup3","32970"
"268","Ben 10：变异危机.md","dup3","32421"
"268","凌辱学园-优等生.md","dup3","32922"
"268","凌辱学园-新生入学.md","dup3","32956"
"268","史上最强弟子兼一：黑暗且来.md","dup3","32849"
"268","黑暗圣经3.md","dup3","33109"
"270","CLANNAD.md","placeholder","32122"
"270","CLANNAD－ Side Stories (光见守的坡道).md","placeholder","31312"
"270","Kanon (雪之少女).md","placeholder","31481"
"270","智代后记 (Tomoyo After－ It's a Wonderful Life).md","placeholder","30475"
"270","石世界-觉醒黎明.md","placeholder,dup2","35237"
"271","AIR (鸟之诗).md","placeholder,dup3","31503"
"271","Kud Wafter.md","placeholder","28660"
"271","Little Busters! Ecstasy (EX).md","placeholder,dup3","29468"
"271","Little Busters!.md","placeholder,dup3","31790"
"271","Rewrite.md","placeholder,dup3","31230"
"272","Rewrite Harvest festa!.md","placeholder","23395"
"272","Summer Pockets REFLECTION BLUE.md","dup2","23179"
"272","Summer Pockets.md","dup2","22586"
"272","星之梦 (Planetarian).md","dup2","22880"
"273","ATRI -My Dear Moments-.md","dup4","22891"
"273","One ~辉之季节~.md","placeholder,dup2","23242"
"273","交响乐之雨.md","placeholder,dup2","23633"
"273","水仙 (Narcissu).md","dup2","22387"
"273","水月 (Suigetsu).md","placeholder,dup2","22802"
"274","Fate－hollow ataraxia.md","placeholder","31111"
"274","月姬 -A piece of blue glass moon- (重制版).md","placeholder","33786"
"275","Chaos;Child.md","placeholder","37447"
"275","Chaos;Head Noah.md","placeholder","37389"
"275","命运石之门 (Steins;Gate).md","placeholder","37950"
"275","命运石之门0 (Steins;Gate 0).md","placeholder","37882"
"275","命运石之门－ 比翼恋理的爱人.md","placeholder","38057"
"276","Ever17 -The Out of Infinity-.md","placeholder","37079"
"276","Never7 -The End of Infinity-.md","placeholder","37623"
"276","Remember11 -The Age of Infinity-.md","placeholder","37639"
"276","Robotics;Notes.md","placeholder","37526"
"276","YU-NO 在这世界尽头咏唱爱的少女.md","placeholder","37979"
"278","寒蝉鸣泣之时－ 皆杀篇.md","placeholder","23812"
"278","寒蝉鸣泣之时－ 祭林篇.md","placeholder","23785"
"278","寒蝉鸣泣之时－ 罪灭篇.md","placeholder","23630"
"278","海猫鸣泣之时 (Ep1-4).md","placeholder","23622"
"279","Cross†Channel.md","placeholder","23074"
"279","樱之诗 (Sakura no Uta).md","placeholder","23454"
"279","美好的每一天 (Subahibi).md","placeholder","23680"
"280","G线上的魔王.md","placeholder","31268"
"280","天鹅之歌 (Swan Song).md","placeholder","28403"
"280","樱之刻 (Sakura no Toki).md","placeholder","27669"
"280","纸上的魔法使.md","placeholder","26272"
"280","车轮之国，向日葵的少女.md","placeholder","27157"
"281","Dies irae.md","placeholder","25556"
"281","Doki Doki Literature Club! (DDLC).md","dup5","27478"
"281","海市蜃楼之馆.md","placeholder","23936"
"281","腐姬.md","placeholder","24207"
"282","Dark Blue.md","placeholder","23010"
"282","ROOT DOUBLE.md","placeholder","22101"
"282","人狼村之谜 (Raging Loop).md","placeholder","22695"
"282","梦见之药.md","placeholder","22844"
"282","监禁.md","placeholder","22850"
"283","Euphoria.md","placeholder","22974"
"283","拔作岛1.md","placeholder","22570"
"283","拔作岛2.md","placeholder","22820"
"283","灰色的果实.md","placeholder","22732"
"283","灰色的迷宫.md","placeholder","22942"
"284","传颂之物－ 给逝者的摇篮曲.md","placeholder,dup6","22266"
"284","传颂之物－ 虚伪的假面.md","placeholder,dup6","22097"
"284","灰色的乐园.md","placeholder,dup6","22201"
"284","白色相簿2－ Closing Chapter (终章－Coda).md","placeholder,dup5","21984"
"284","白色相簿2－ Introductory Chapter (序章).md","placeholder,dup5","22705"
"285","Muv-Luv (Extra & Unlimited).md","placeholder,dup6","21858"
"285","Muv-Luv Alternative.md","placeholder,dup7","22694"
"285","To Heart 2.md","placeholder,dup6","22091"
"285","传颂之物－ 二人的白皇.md","placeholder,dup7","22605"
"285","痕 (Kizuato).md","placeholder,dup7","22742"
"286","SHUFFLE!.md","padmark","25649"
"286","初音岛II (D.C. II).md","padmark","24669"
"286","初音岛III (D.C. III).md","padmark","25735"
"286","千恋＊万花.md","padmark","26319"
"286","魔女的夜宴 (Sanoba Witch).md","padmark","27025"
"287","DRACU-RIOT!.md","padmark","24257"
"287","Parquet.md","placeholder,padmark","23458"
"287","RIDDLE JOKER.md","padmark","24348"
"287","名流得主 (Noble Works).md","placeholder,padmark","24848"
"287","天使嚣嚣 (Tenshi Souzou Re-Boot!).md","padmark","24172"
"288","兰斯01－ 寻找小光 (重制版).md","placeholder","22718"
"289","兰斯5D－ 孤独的少女.md","placeholder,dup2","23007"
"289","兰斯IV － 4.1 － 4.2.md","dup3","22304"
"289","兰斯VI－ 赛斯崩坏.md","placeholder,dup2","23091"
"290","兰斯9－ 赫尔曼革命.md","placeholder","23132"
"290","缘之空 (Yosuga no Sora).md","placeholder","21708"
"291","妹之形.md","placeholder","23140"
"291","妹的圣域.md","placeholder,bucong,dup27","23035"
"291","学校圣域.md","placeholder,bucong,dup30","22645"
"291","茜色圣域.md","placeholder,bucong,dup30","22405"
"292","美少女万华镜2.5－ 献给曾是少女的你.md","placeholder","23300"
"294","大哥哥，吻我！！.md","placeholder,generic,dup15","34667"
"294","姐姐，要好好做哦！ 2.md","placeholder,generic,dup15","34826"
"294","媚肉之香.md","placeholder,generic,dup15","34271"
"294","母娘乱馆.md","placeholder,generic,dup15","34271"
"294","遥仰凰华.md","placeholder,generic,dup15","34271"
"295","任性High Spec.md","placeholder,generic,dup15","34322"
"295","夕阳染红的坡道.md","placeholder,generic,dup15","34568"
"295","姐名 (Aneiro).md","placeholder,generic,dup15","34322"
"295","恋爱0公里.md","placeholder,generic,dup15","34298"
"295","辻堂山的纯爱之路.md","placeholder,generic,dup15","34667"
"296","School Days.md","placeholder,generic,dup15","34178"
"296","Shiny Days.md","placeholder,generic,dup15","34151"
"296","天津罪.md","placeholder,generic,dup15","34172"
"296","幸福噩梦 (Hapymaher).md","placeholder,generic,dup15","34305"
"296","重生萝莉岛 (Teaching Feeling).md","placeholder,generic,dup15","34599"
"297","Cross Days.md","placeholder,generic,dup15","34151"
"297","壳之少女.md","placeholder,generic,dup15","34271"
"297","天之少女.md","placeholder,generic,dup15","34271"
"297","恋狱月狂病 (Cartagra).md","placeholder,generic,dup15","34377"
"297","虚之少女.md","placeholder,generic,dup15","34271"
"298","FLOWERS 冬篇.md","placeholder,generic,dup15","34295"
"298","FLOWERS 夏篇.md","placeholder,generic,dup15","34295"
"298","FLOWERS 春篇.md","placeholder,generic,dup15","34295"
"298","FLOWERS 秋篇.md","placeholder,generic,dup15","34295"
"298","高加索之南 (Caucasus).md","placeholder,generic,dup15","34377"
"299","9-nine- 九次九日九重色.md","placeholder,generic,dup15","34790"
"299","9-nine- 天色天歌天籁音.md","placeholder,generic,dup15","34790"
"299","9-nine- 春色春恋春熙风.md","placeholder,generic,dup15","34790"
"299","9-nine- 雪色雪花雪余痕.md","placeholder,generic,dup15","34790"
"299","MakingLovers.md","placeholder,generic,dup15","34199"
"300","Fureraba ~Friend to Lover~.md","placeholder,generic,dup15","34299"
"300","HaremKingdom.md","placeholder,generic,dup15","34199"
"300","Sugar  Style.md","placeholder,generic,dup15","34211"
"300","少女理论及其周边.md","placeholder,generic,dup15","34667"
"300","近月少女的礼仪.md","placeholder,generic,dup15","34568"
