"B","Name","Chars","Status","Leisure","Src"
"207","黑夜君临5：血战.md","12894","PAD","False","4"
"231","轩辕剑叁：云和山的彼端.md","13571","PAD","False","5"
"231","轩辕剑外传：枫之舞.md","13790","PAD","False","6"
"236","対魔忍RPG-深渊入侵.md","12288","PAD","False","5"
"236","黑兽帝国终焉-帝国建立.md","12646","SRC","False","0"
"239","魔界骑士深渊大门-大门开启.md","4105","SHORT","False","3"
"239","魔界骑士深渊大门-英格丽德深渊化.md","3704","SHORT","False","3"
"239","黑兽魔王觉醒-大陆统一.md","7188","SHORT","False","3"
"239","黑兽魔王觉醒-女神堕落.md","4363","SHORT","False","3"
"239","黑兽魔王觉醒-沃尔特进化.md","3727","SHORT","False","3"
"240","剑星-天使会堂.md","10012","SHORT","False","3"
"240","闪乱神乐-阴阳师决战.md","10988","SHORT","False","3"
"242","民俗-封神遗冢.md","7364","SHORT","False","3"
"242","民俗-酆都鬼城.md","5463","SHORT","False","3"
"242","淫妖虫母巢觉醒-女皇诞生.md","6352","SHORT","False","3"
"242","淫妖虫母巢觉醒-铃音融合.md","4867","SHORT","False","3"
"242","魔界骑士深渊大门-牺牲之门.md","5246","SHORT","False","3"
"244","姫骑士诸神黄昏-神明堕落.md","5196","SHORT","False","4"
"244","淫妖虫母巢觉醒-共生体.md","6719","SHORT","False","4"
"244","淫妖虫母巢觉醒-基因进化.md","5444","SHORT","False","4"
"244","淫妖虫母巢觉醒-最终选择.md","5011","SHORT","False","4"
"244","淫妖虫母巢觉醒-母巢核心.md","5028","SHORT","False","4"
"245","姫骑士诸神黄昏-信仰崩塌.md","8715","SHORT","False","4"
"245","姫骑士诸神黄昏-姐妹分离.md","8365","SHORT","False","4"
"245","姫骑士诸神黄昏-神器觉醒.md","8152","SHORT","False","4"
"245","姫骑士诸神黄昏-神殿仪式.md","8232","SHORT","False","4"
"245","姫骑士诸神黄昏-莉莉亚神化.md","8131","SHORT","False","4"
"246","假面骑士真.md","6690","SHORT","False","4"
"246","姫骑士诸神黄昏-弑神之战.md","8049","SHORT","False","4"
"246","姫骑士诸神黄昏-新神诞生.md","7968","SHORT","False","4"
"246","钢铁魔女虚空战争-安妮罗泽虚空化.md","6844","SHORT","False","4"
"246","钢铁魔女虚空战争-维度裂隙.md","6909","SHORT","False","4"
"247","钢铁魔女虚空战争-协会沦陷.md","8762","SHORT","False","4"
"247","钢铁魔女虚空战争-最后的魔女.md","8411","SHORT","False","4"
"247","钢铁魔女虚空战争-维度崩塌.md","8581","SHORT","False","4"
"247","钢铁魔女虚空战争-虚空之心.md","8452","SHORT","False","4"
"247","钢铁魔女虚空战争-魔女狩猎.md","9034","SHORT","False","4"
"248","Ben 10：全面进化（Time War）.md","8164","SHORT","False","3"
"248","史上最强弟子兼一：暗之最终战.md","5101","SHORT","False","3"
"248","极道帝兵（遮天概念向）.md","4255","SHORT","False","3"
"248","钢铁魔女虚空战争-新世界.md","8285","SHORT","False","4"
"248","龙符（梦入神机）.md","4506","SHORT","False","3"
"249","GTA 3.md","8202","SHORT","False","4"
"249","GTA：罪恶都市.md","10822","SHORT","False","4"
"251","巨乳女战士土下座催眠-全队土下座.md","10188","SHORT","False","4"
"251","巨乳女战士土下座催眠-神官堕落.md","10130","SHORT","False","4"
"252","姫骑士莉莉亚-主仆双堕.md","8549","SHORT","False","4"
"252","姫骑士莉莉亚-侍女沦陷.md","8281","SHORT","False","4"
"252","姫骑士莉莉亚-公主陷落.md","8303","SHORT","False","4"
"252","姫骑士莉莉亚-妹妹堕落.md","8833","SHORT","False","4"
"252","对魔忍雪风2-彻底陷落.md","11388","SHORT","False","10"
"253","姫骑士莉莉亚-完全堕落.md","9723","SHORT","False","4"
"253","姫骑士莉莉亚-王族血统.md","10581","SHORT","False","4"
"253","淫妖虫-产卵.md","8654","SHORT","False","4"
"253","淫妖虫-蝕变.md","8664","SHORT","False","7"
"253","淫妖虫-退魔失败.md","9390","SHORT","False","7"
"254","淫妖虫-姐弟共堕.md","8690","SHORT","False","4"
"254","淫妖虫-完全寄生.md","8458","SHORT","False","4"
"254","魔界骑士英格丽德-公开凌辱.md","8690","SHORT","False","4"
"254","魔界骑士英格丽德-妹妹威胁.md","8677","SHORT","False","4"
"254","魔界骑士英格丽德-骑士陷落.md","8790","SHORT","False","4"
"257","催眠性指導-学园催眠.md","7344","SHORT","False","3"
"257","史上最强弟子兼一：D of D 大赛.md","9177","SHORT","False","4"
"257","巨乳公主催眠-双堕王城.md","7138","SHORT","False","3"
"257","巨乳公主催眠-王宫阴谋.md","7484","SHORT","False","3"
"257","巨乳公主催眠-骑士陷落.md","7261","SHORT","False","3"
"258","催眠性指導-性指导课.md","7051","SHORT","False","3"
"258","催眠性指導-校园支配.md","7140","SHORT","False","3"
"258","催眠性指導-母女沦陷.md","7231","SHORT","False","3"
"258","性爱成瘾-依存沉沦.md","6862","SHORT","False","3"
"258","性爱成瘾-堕落处女.md","6857","SHORT","False","3"
"259","催眠性指導2-新任女教.md","10749","SHORT","False","5"
"259","催眠性指導2-泳装陷落.md","10216","SHORT","False","4"
"259","性爱成瘾-眼镜淫乱.md","10526","SHORT","False","4"
"259","黑暗圣经新约-新篇开启.md","8780","SHORT","False","4"
"259","黑暗圣经新约-绚香堕落.md","8045","SHORT","False","4"
"260","催眠性指導3-姐妹堕落.md","10101","SHORT","False","4"
"260","催眠性指導3-家庭教师.md","10028","SHORT","False","4"
"260","催眠性指導4-人妻崩坏.md","9987","SHORT","False","4"
"260","催眠性指導4-终极宴会.md","10057","SHORT","False","4"
"260","黑暗圣经起源-往昔悲剧.md","8001","SHORT","False","4"
"265","剑星-地下遗迹.md","8268","SHORT","False","5"
"265","受胎岛-逃脱失败.md","10214","SHORT","False","6"
"265","爱嬢学园-羞耻课程.md","8497","SHORT","False","3"
"265","爱嬢学园-贵族入学.md","9449","SHORT","False","3"
"266","命运石之门-D-Mail干涉.md","8101","SHORT","False","5"
"266","民俗-赶尸匠.md","8487","SHORT","False","3"
"266","爱嬢学园-毕业典礼.md","8247","SHORT","False","3"
"266","痴漢電車-早高峰.md","8477","SHORT","False","3"
"266","石世界-科学王国.md","8662","SHORT","False","3"
"267","民俗-冥婚夜.md","7294","SHORT","False","3"
"267","痴漢電車-人妻陷落.md","7234","SHORT","False","3"
"267","痴漢電車-女学生.md","7115","SHORT","False","3"
"267","痴漢電車-集团犯罪.md","7330","SHORT","False","3"
"267","黑暗圣经2.md","8132","SHORT","False","3"
"268","Ben 10：变异危机.md","7227","SHORT","False","3"
"268","凌辱学园-优等生.md","6712","SHORT","False","3"
"268","凌辱学园-新生入学.md","6692","SHORT","False","3"
"268","史上最强弟子兼一：黑暗且来.md","7325","SHORT","False","3"
"268","黑暗圣经3.md","7077","SHORT","False","3"
"269","Muv-Luv-横滨基地防线.md","10826","SHORT","False","3"
"269","凌辱学园-反抗无效.md","8763","SHORT","False","3"
"269","剑星-废土边缘.md","8257","SHORT","False","3"
"269","命运石之门-秋叶原潜入.md","8388","SHORT","False","3"
"269","闪乱神乐-飞蛇入学篇.md","8213","SHORT","False","3"
"272","Summer Pockets REFLECTION BLUE.md","7030","SHORT","True","4"
"272","Summer Pockets.md","5442","SHORT","True","4"
"272","星之梦 (Planetarian).md","6255","SHORT","True","4"
"273","ATRI -My Dear Moments-.md","5630","SHORT","True","4"
"273","One ~辉之季节~.md","5272","SHORT","True","4"
"273","交响乐之雨.md","4775","SHORT","True","4"
"273","水仙 (Narcissu).md","4861","SHORT","True","4"
"273","水月 (Suigetsu).md","4809","SHORT","True","4"
"278","寒蝉鸣泣之时－ 皆杀篇.md","4578","SHORT","True","4"
"278","寒蝉鸣泣之时－ 祭林篇.md","4715","SHORT","True","4"
"278","寒蝉鸣泣之时－ 罪灭篇.md","5512","SHORT","True","4"
"278","海猫鸣泣之时 (Ep1-4).md","4730","SHORT","True","4"
"278","海猫鸣泣之时散 (Ep5-8).md","4437","SHORT","True","4"
"279","Cross†Channel.md","4154","SHORT","True","4"
"279","樱之诗 (Sakura no Uta).md","4058","SHORT","True","4"
"279","沙耶之歌.md","4084","SHORT","True","4"
"279","美好的每一天 (Subahibi).md","4450","SHORT","True","4"
"279","装甲恶鬼村正.md","4469","SHORT","True","4"
"284","传颂之物－ 给逝者的摇篮曲.md","7058","SHORT","True","3"
"284","传颂之物－ 虚伪的假面.md","6989","SHORT","True","3"
"284","灰色的乐园.md","7467","SHORT","True","6"
"284","白色相簿2－ Closing Chapter (终章－Coda).md","7273","SHORT","True","3"
"284","白色相簿2－ Introductory Chapter (序章).md","7411","SHORT","True","3"
"285","Muv-Luv (Extra & Unlimited).md","7139","SHORT","True","5"
"285","Muv-Luv Alternative.md","6999","SHORT","True","3"
"285","To Heart 2.md","7050","SHORT","True","3"
"285","传颂之物－ 二人的白皇.md","6971","SHORT","True","3"
"285","痕 (Kizuato).md","7015","SHORT","True","3"
"286","初音岛II (D.C. II).md","5789","SHORT","True","4"
"286","初音岛III (D.C. III).md","6132","SHORT","True","4"
"286","千恋＊万花.md","6110","SHORT","True","4"
"286","魔女的夜宴 (Sanoba Witch).md","6405","SHORT","True","4"
"287","DRACU-RIOT!.md","5753","SHORT","True","4"
"287","Parquet.md","5477","SHORT","True","4"
"287","RIDDLE JOKER.md","5756","SHORT","True","4"
"287","名流得主 (Noble Works).md","5742","SHORT","True","4"
"287","天使嚣嚣 (Tenshi Souzou Re-Boot!).md","5583","SHORT","True","4"
"288","Fortune Arterial.md","5739","SHORT","True","4"
"288","兰斯01－ 寻找小光 (重制版).md","5215","SHORT","True","4"
"288","夜明前的琉璃色.md","5742","SHORT","True","4"
"288","大图书馆的牧羊人.md","7184","SHORT","True","4"
"288","秽翼的尤斯蒂娅.md","5839","SHORT","True","4"
"289","兰斯02－ 反叛的少女们 (重制版).md","4793","SHORT","True","4"
"289","兰斯03－ 利萨斯陷落 (重制版).md","4806","SHORT","True","4"
"289","兰斯5D－ 孤独的少女.md","4550","SHORT","True","4"
"289","兰斯IV － 4.1 － 4.2.md","4686","SHORT","True","4"
"289","兰斯VI－ 赛斯崩坏.md","4619","SHORT","True","4"
"290","兰斯10－ 决战.md","3562","SHORT","True","4"
"290","兰斯7－ 战国兰斯.md","5363","SHORT","True","5"
"290","兰斯8－ Rance Quest.md","4265","SHORT","True","4"
"290","兰斯9－ 赫尔曼革命.md","3860","SHORT","True","4"
"290","缘之空 (Yosuga no Sora).md","4093","SHORT","True","6"
"291","妹之形.md","3310","SHORT","True","3"
"291","妹的圣域.md","4575","SHORT","True","3"
"291","学校圣域.md","4054","SHORT","True","3"
"291","悠之空 (Haruka na Sora).md","3546","SHORT","True","6"
"291","茜色圣域.md","3981","SHORT","True","3"
"293","妹天堂! 1.md","7211","SHORT","True","4"
"293","妹天堂! 2.md","7058","SHORT","True","4"
"293","妹天堂! 3.md","6951","SHORT","True","4"
"293","姐姐，要好好做哦！ 1.md","7329","SHORT","True","4"
"295","夕阳染红的坡道.md","8618","PAD","True","4"
"297","Cross Days.md","9224","PAD","True","4"
"298","高加索之南 (Caucasus).md","4827","SHORT","True","4"
"299","9-nine- 天色天歌天籁音.md","7093","SHORT","True","5"
"299","9-nine- 春色春恋春熙风.md","7010","SHORT","True","5"
"299","MakingLovers.md","6757","SHORT","True","7"
